{
  "project_info": {
    "project_number": "429233940501",
    "firebase_url": "https://visitorironman.firebaseio.com",
    "project_id": "visitorironman",
    "storage_bucket": "visitorironman.appspot.com"
  },
  "client": [
    {
      "client_info": {
        "mobilesdk_app_id": "1:429233940501:android:406fcafa985e4e67",
        "android_client_info": {
          "package_name": "com.xploryo.visitor_management"
        }
      },
      "oauth_client": [
        {
          "client_id": "429233940501-092ev5lfs1dgchres38m087rcimclmfe.apps.googleusercontent.com",
          "client_type": 3
        }
      ],
      "api_key": [
        {
          "current_key": "AIzaSyBsn6C9OW5ls1E4M-R4iMNEb_RwjyZXW9w"
        }
      ],
      "services": {
        "appinvite_service": {
          "other_platform_oauth_client": [
            {
              "client_id": "429233940501-092ev5lfs1dgchres38m087rcimclmfe.apps.googleusercontent.com",
              "client_type": 3
            }
          ]
        }
      }
    }
  ],
  "configuration_version": "1"
}